1,daiwa-roynet-hotel-kyoto-shijo-karasuma,ダイワロイネットホテル京都四条烏丸,だいわろいやるねっとほてるきょうとしじょうからすま
2,daiwaroynethotelkyotoshijokarasuma,ダイワロイネットホテル京都四条烏丸,だいわろいやるねっとほてるきょうとしじょうからすま
3,kyoto-food-culture-museum-ajiwai-kan,京の食文化ミュージアムあじわい館,きょうとしょくぶんかみゅーじあむあじわいかん
4,kyoto-traditional-industry-fureai-kan,京都伝統産業ふれあい館,きょうとでんとうさんぎょうふれあいかん
5,mitsui-garden-hotel-kyoto-shijo,三井ガーデンホテル京都四条,みついがーでんほてるきょうとしじょう
6,kyoto-international-manga-museum,京都国際マンガミュージアム,きょうとこくさいまんがみゅーじあむ
7,kyotomuseumoftraditoinalcrafts,京都伝統産業ふれあい館,きょうとでんとうさんぎょうふれあいかん
8,mitsuigardenhotelkyotoshijo,三井ガーデンホテル京都四条,みついがーでんほてるきょうとしじょう
9,apahotelkyotoekihorikawadori,アパホテル京都駅堀川通り,あぱほてるきょうとほりかわとおり
10,hotel-nikko-princess-kyoto,ホテル日航プリンセス京都,ほてるにっこうぷりんせすきょうと
11,shinkansen-central-transfer,新幹線中央のりかえ口,しんかんせんちゅうおうのりかえぐち
12,shochiku-kyoto-movie-studio,松竹京都映画撮影所,しょうちくきょうとえいがさつえいじょ
13,kyoto-handicraft-center,京都ハンディクラフトセンター,きょうとはんでぃくらふとせんたー
14,shinkansenhachijoeastentrance,新幹線八条東口,しんかんせんはちじょうひがしぐち
15,kyotoajiwaikan,京の食文化ミュージアムあじわい館,きょうとしょくぶんかみゅーじあむあじわいかん
16,apavillahotelkyotoekimae,アパヴィラホテル京都駅前,あぱゔぃらほてるきょうとえきまえ
17,shinkansencentraltransfer,新幹線中央のりかえ口,しんかんせんちゅうおうのりかえぐち
18,shinkansen-hachijo-east-entrance,新幹線八条東口,しんかんせんはちじょうぐち
19,kyotohandicraftcenter,京都ハンディクラフトセンター,きょうとはんでぃくらふとせんたー
20,mitsui-garden-hotel,三井ガーデンホテル京都四条,みついがーでんほてるきょうとしじょう
21,rihga-royal-hotel-kyoto,リーガロイヤルホテル京都,りーがろいやるほてるきょうと
22,kintetsu-railway-central-entrance,近鉄改札口,きんてつかいさつぐち
23,kyoto-manga-museum,京都国際マンガミュージアム,きょうとこくさいまんがみゅーじあむ
24,mitsuigardenhotel,三井ガーデンホテル京都四条,みついがーでんほてるきょうとしじょう
25,kitashirakawa-tenjingu-shrine,北白川天神宮,きたしらかわてんじんみや
26,handicraft-center,京都ハンディクラフトセンター,きょうとはんでぃくらふとせんたー
27,sumiya-hospitality,角屋もてなしの文化美術館,すみやもてなしのぶんかびじゅつかん
28,shinkansen-central-entrance,新幹線中央口,しんかんせんちゅうおうぐち
29,kyotomangamuseum,京都国際マンガミュージアム,きょうとこくさいまんがみゅーじあむ
30,pontocho-kaburenjo-theater,先斗町歌舞練場,ぽんとちょうかぶれんじょう
31,hotel-granvia-kyoto, ホテルグランヴィア京都,ほてるぐらぐらんゔぃあきょうと
32,shochikukyotostudio,松竹京都映画撮影所,しょうちくきょうとえいがさつえいじょ
33,kansai-airport-limousine-bus,関空リムジンバス,かんくうりむじんばす
34,shinkansen-hachijo-entrance,新幹線八条口,しんかんせんはちじょうぐち
35,rihgaroyalhotelkyoto,リーガロイヤルホテル京都,りーがろいやるほてるきょうと
36,kintetsurailwaycentralentrance,近鉄改札口,きんてつかいさつぐち
37,iwashimizu-hachimangu-shrine,石清水八幡宮,いわしみずはちまんぐう
38,hotel-keihan-kyoto, ホテル京阪京都グランデ,ほてるけいはんきょうとぐらんで
39,universal-studios-japan,ユニバーサルスタジオジャパン,ゆーえすじぇい
40,hotelkintetsukyotostation,ホテル近鉄京都駅,ほてるきんてつきょうと
41,shinkansenhachijoentrance,新幹線八条口,しんかんせんはちじょうぐち
42,toei-kyoto-movie-studio,東映京都撮影所,とうえいきょうとさつえいじょ
43,shinkansencentralentrance,新幹線中央口,しんかんせんちゅうおうぐち
44,hotelgranviakyoto, ホテルグランヴィア京都,ほてるぐらぐらんゔぃあきょうと
45,kyoto-century-hotel,京都センチュリーホテル,きょうとせんちゅりーほてる
46,fushimi-inari-taisha-shrine,伏見稲荷大社,ふしみいなりたいしゃ
47,rihga-royal-hotel,リーガロイヤルホテル京都,りーがろいやるほてるきょうと
48,hotel-mystays-kyoto,ホテルマイステイズ京都,ほてるまいすていずきょうと
49,hotelkeihankyoto, ホテル京阪京都グランデ,ほてるけいはんきょうとぐらんで
50,apahotelkyotoekimae, アパホテル京都駅前,あぱほてるきょうとえきまえ
51,adashino-nenbutsu-ji-temple,化野念仏寺, あだしのねんぶつじ
52,sumiya-museum,角屋もてなしの文化美術館,すみやもてなしのぶんかびじゅつかん
53,kyoto-national-museum,京都国立博物館,きょうとこくりつはくぶつかん
54,manga-museum,京都国際マンガミュージアム,きょうとこくさいまんがみゅーじあむ
55,puratto-kodama-ticket,ぷらっとこだまの切符,ぷらっとこだまのきっぷ
56,uzumasa-tenjingawa-river, 太秦天神川,うずまさてんりゅうがわ
57,JR-underground-central-gate,地下中央口,ちかちゅうおうぐち
58,sumiyamuseum,角屋もてなしの文化美術館,すみやもてなしのぶんかびじゅつかん
59,toei-uzumasa-eigamura,東映太秦映画村,とうえいうずまさえいがむら
60,tourist-information-center,観光案内所,かんこうあんないじょ
61,tourist-information-office,観光案内所,かんこうあんないじょ
62,kitashirakawatenjinmiya,北白川天神宮,きたしらかわてんじんみや
63,kyotocenturyhotel,京都センチュリーホテル,きょうとせんちゅりーほてる
64,hotelmystayskyoto,ホテルマイステイズ京都,ほてるまいすていずきょうと
65,mangamuseum,京都国際マンガミュージアム,きょうとこくさいまんがみゅーじあむ
66,kyoto-railway-museum,京都鉄道博物館,きょうとてつどうはくぶつかん
67,rihgaroyalhotel,リーガロイヤルホテル京都,りーがろいやるほてるきょうと
68,senshujikyotobekkan,専修寺京都別院,せんしゅうじきょうとべついん
69,shugakuin-imperial-villa,修学院離宮,しゅうがくいんりきゅう
70,kyotonationalmuseum,京都国立博物館,きょうとこくりつはくぶつかん
71,kitashirakawa-tenjingu,北白川天神宮,きたしらかわてんじんみや
72,granvia-kyoto, ホテルグランヴィア京都,ほてるぐらぐらんゔぃあきょうと
73,kyotorailwaymuseum,京都鉄道博物館,きょうとてつどうはくぶつかん
74,nagaoka-tenman-gu-shrine,長岡天満宮,ながおかてんまんぐう
75,gokonomiya-jinja-shrine, 御香宮神社,ごこうのみやじんじゃ
76,touristinformationcenter,観光案内所,かんこうあんないじょ
77,toeiuzumasaeigamura,東映太秦映画村,とうえいうずまさえいがむら
78,granviakyoto, ホテルグランヴィア京都,ほてるぐらぐらんゔぃあきょうと
79,otagi-nenbutsu-ji-temple,愛宕念仏寺, あたごねんぶつじ
80,hotelnikko,ホテル日航プリンセス京都,ほてるにっこうぷりんせすきょうと
81,toeikyotosatueijo,東映京都撮影所,とうえいきょうとさつえいじょ
82,toei-kyoto-studio,東映京都撮影所,とうえいきょうとさつえいじょ
83,kansai-international-airport,関西国際空港,かんくう
84,subwayshijokarasuma,地下鉄四条烏丸,ちかてつしじょうからすま
85,iwashimizu-hachimangu,石清水八幡宮,いわしみずはちまんぐう
86,subwayshijikarasuma,地下鉄四条烏丸,ちかてつしじょうからすま
87,underground-central-gate,地下中央口,ちかちゅうおうぐち
88,shugakuinimperialvilla,修学院離宮,しゅうがくいんりきゅう
89,uzumasa-koryu-ji-temple,太秦広隆寺,うずまさこうりゅうじ
90,pontochokaburenjo,先斗町歌舞練場,ぽんとちょうかぶれんじょう
91,kanku-limousine-bus,関空リムジンバス,かんくうりむじんばす
92,akikonaishinonohaka,暲子内親王墓,あきこないしんのうのはか
93,sarutahiko-jinja-shrine,猿田彦神社,さるたひこじんじゃ
94,convenience-store,コンビニエンスストア,こんびにえんすすとあ
95,konkai-komyo-ji-temple,金戒光明寺,こんかいこうみょうじ
96,toganoo-kozan-ji-temple,栂尾高山寺,とがのおこうざんじ
97,sankichi-inari-shrine,三吉稲荷, さんきちいなりじんじゃ
98,hotel-mystays,ホテルマイステイズ京都,ほてるまいすていずきょうと
99,hotelmystays,ホテルマイステイズ京都,ほてるまいすていずきょうと
100,kyotoshiyakushomae, 京都市役所前,きょうとしやくしょまえ
101,kansaiinternationalairport,関西国際空港,かんくう
102,kyoto-tower-hotel, 京都タワーホテル,きょうとたわーほてる
103,undergroundcentralgate,地下中央口,ちかちゅうおうぐち
104,fushimi-inari-shrine,伏見稲荷大社,ふしみいなりたいしゃ
105,multi-purpose-bathroom,多目的トイレ,たもくてきといれ
106,higashi-hongan-ji-temple,東本願寺,ひがしほんがんじ
107,kitano-tenmangu-shrine,北野天満宮,きたのてんまんぐう
108,fujinomori-jinja-shrine,藤森神社,ふじのもりじんじゃ
109,toeikyotostudio,東映京都撮影所,とうえいきょうとさつえいじょ
110,shinmiyakohotel, 新都ホテル京都,しんみやこほてるきょうと
111,rokuharamitsu-ji-temple,六波羅蜜寺,ろくはらみつじ
112,uzumasa-tenjingawa, 太秦天神川,うずまさてんりゅうがわ
113,shimogamo-jinja-shrine,下賀茂神社,しもがもじんじゃ
114,adashino-nenbutsu-ji,化野念仏寺, あだしのねんぶつじ
115,sagano-romantic-train,トロッコ嵯峨野,とろっこさがの
116,JR-underground-east-gate,地下東口,ちかひがしぐち
117,keihan-electric-railway,京阪電車,けいはんでんしゃ
118,railway-museum,京都鉄道博物館,きょうとてつどうはくぶつかん
119,umenomiya-taisha-shrine,梅宮大社,うめみやたいしゃ
120,uzumasatenjingawa, 太秦天神川,うずまさてんりゅうがわ
121,railwaymuseum,京都鉄道博物館,きょうとてつどうはくぶつかん
122,kansai-international-airport,関空,かんくう
123,fukuoji-jinja-shrine,福王子神社,ふくおうじじんじゃ
124,hino-tanjo-in-temple,日野誕生院,ひのたんじょういん
125,multi-purpose-toilet,多目的トイレ,たもくてきといれ
126,kamigamo-jinja-shrine,上賀茂神社,かみがもじんじゃ
127,kintetsu-kyoto-line,近鉄京都線,きんてつきょうとせん
128,kyototowerhotel, 京都タワーホテル,きょうとたわーほてる
129,kansaionedaypass,関西ワンデイパス,かんさいわんでぃぱす
130,fushimiinaritaisha,伏見稲荷大社,ふしみいなりたいしゃ
131,shiramine-jingu-shrine,白峯神宮,しらみねじんぐう
132,sekizan-zen-in-temple,赤山禅院,せきざんぜんいん
133,sankichinarijinja,三吉稲荷, さんきちいなりじんじゃ
134,adashinonembutsuji,化野念仏寺, あだしのねんぶつじ
135,yase-hieizanguchi, 八瀬比叡山口,やせひえいざんぐち
136,nishi-hongan-ji-temple,西本願寺,にしほんがんじ
137,arashiyama-torokko,トロッコ嵐山,とろっこあらしやま
138,omuro-ninna-ji-temple,御室仁和寺,おむろにんなじ
139,saganoromantictrain,トロッコ嵯峨野,とろっこさがの
140,keihanelectricrailway,京阪電車,けいはんでんしゃ
141,ogoto-onsen-hot-spring,おごと温泉,おごとおんせ
142,adashinonenbutsuji,化野念仏寺, あだしのねんぶつじ
143,nagaoka-tenman-gu,長岡天満宮,ながおかてんまんぐう
144,kintetsukyotoline,近鉄京都線,きんてつきょうとせん
145,gokonomiya-jinja, 御香宮神社,ごこうのみやじんじゃ
146,katsura-imperial-villa,桂離宮,かつらりきゅう
147,sento-imperial-palace,仙洞御所,せんとうごしょ
148,underground-east-gate,地下東口,ちかひがしぐち
149,universal-city,ユニバーサルシティ,ゆにばーさるしてぃ
150,temawarihinkippu,手回り品きっぷ,てまわりひんきっぷ
151,yasehieizanguchi, 八瀬比叡山口,やせひえいざんぐち
152,kyoto-imperial-palace,京都御所,きょうとごしょ
153,dainitowerhotel,第二タワーホテル,だいにたわーほてる
154,ajiwai-kan,京の食文化ミュージアムあじわい館,あじわいかん
155,hino-hokai-ji-temple,日野法界寺,ひのほうかいじ
156,imamiya-jinja-shrine,今宮神社,いまみやじんじゃ
157,biwako-express,びわこエクスプレス,びわこえくすぷれす
158,hotelkintetsu,ホテル近鉄京都駅,ほてるきんてつきょうと
159,nipponrentacar,ニッポンレンタカー,にっぽんれんたかー
160,hiyoshi-taisha-shrine,日吉大社,ひよしたいしゃ
161,gokounomiyajinja, 御香宮神社,ごこうのみやじんじゃ
162,mangetsuukimido,満月寺浮御堂,まんげつじうきみどう
163,usj,ユニバーサルスタジオジャパン,ゆにばーさるすたじおじゃぱん
164,yoshida-jinja-shrine,吉田神社,よしだじんじゃ
165,universalcity,ユニバーサルシティ,ゆにばーさるしてぃ
166,atagonembutsutera,愛宕念仏寺, あたごねんぶつじ
167,seimei-jinja-shrine,晴明神社,せいめいじんじゃ
168,otagi-nenbutsu-ji,愛宕念仏寺, あたごねんぶつじ
169,tokkyu-hashidate,特急はしだて,とっきゅうはしだて
170,apahotel, アパホテル京都駅前,あぱほてるきょうとえきまえ
171,uzumasa-koryu-ji,太秦広隆寺,うずまさこうりゅうじ
172,nara-line-stair,奈良線階段下,ならせんかいだんした
173,matsuo-taisha-shrine,松尾大社,まつおたいしゃ
174,sarutahikojinnjya,猿田彦神社,さるたひこじんじゃ
175,hozukyo-torokko,トロッコ保津峡,とろっこほずきょう
176,jingu-marutamachi,神宮丸太町,じんぐうまるたまち
177,midorinomadoguchi,みどりの窓口,みどりのまどぐち
178,hatoya-zuihokaku,ハトヤ瑞鳳閣,はとやずいほうかく
179,sankichi-inari,三吉稲荷, さんきちいなりじんじゃ
180,heian-jingu-shrine,平安神宮,へいあんじんぐう
181,uzumasa-eigamura,太秦映画村,うずまさえいがむら
182,kifune-jinja-shrine,貴船神社,きふねじんじゃ
183,shijokawaramachi,四条河原町,しじょうかわらまち
184,kyotoimperialpalace,京都御所,きょうとごしょ
185,toshodai-ji-temple,唐招提寺,とうしょうだいじ
186,sarutahiko-jinja,猿田彦神社,さるたひこじんじゃ
187,hatoyazuihokaku,ハトヤ瑞鳳閣,はとやずいほうかく
188,kumano-jinja-shrine,熊野神社,くまのじんじゃ
189,hirano-jinja-shrine,平野神社,ひらのじんじゃ
190,yoshimine-dera-temple,善峯寺,よしみねでら
191,undergroundeastgate,地下東口,ちかひがしぐち
192,nagaokatenmangu,長岡天満宮,ながおかてんまんぐう
193,jojakko-ji-temple,常寂光寺,じょうじゃくこうじ
194,jingumarutamachi,神宮丸太町,じんぐうまるたまち
195,philosopher-&s-path,哲学の道,てつがくのみち
196,granviakyoto,グランヴィア京都,ぐらんゔぃあきょうと
197,iorimachiyastay,庵町家ステイ,いおりまちやすてぃ
198,luggage-ticket,手回り品きっぷ,てまわりひんきっぷ
199,toganoo-kozan-ji,栂尾高山寺,とがのおこうざんじ
200,yodobashi-camera,ヨドバシカメラ,よどばしかめら
201,aeon-mall-location,イオンモール,いおんもーる
202,katsuraimperialvilla,桂離宮,かつらりきゅう
203,konkai-komyo-ji,金戒光明寺,こんかいこうみょうじ
204,oishi-jinja-shrine,大石神社,おおいしじんじゃ
205,shugakuinrikyu,修学院離宮,しゅうがくいんりきゅう
206,yasaka-jinja-shrine,八坂神社,やさかじんじゃ
207,yodobashicamera,ヨドバシカメラ,よどばしかめら
208,kameoka-torokko,トロッコ亀岡,とろっこかめやま
209,higashi-hongan-ji,東本願寺,ひがしほんがんじ
210,kiyomizu-dera-temple,清水寺,きよみずでら
211,uzumasaeigamura,太秦映画村,うずまさえいがむら
212,luggageticket,手回り品きっぷ,てまわりひんきっぷ
213,jishu-jinja-shrine,地主神社,じぬしじんじゃ
214,fushimi-inari,伏見稲荷大社,ふしみいなりたいしゃ
215,uzumasakoryuji,太秦広隆寺,うずまさこうりゅうじ
216,gojokawaramachi,五条河原町,ごじょうかわらまち
217,kitano-tenmangu,北野天満宮,きたのてんまんぐう
218,sarutabikojinja,猿田彦神社,さるたひこじんじゃ
219,tamokutekitoire,多目的トイレ,たもくてきといれ
220,otaninokotsudo,大谷納骨堂,おおたにのうこつどう
221,kyoto-aquarium,京都水族館,きょうとすいぞくかん
222,ishiyama-dera-temple,石山寺,いしやまでら
223,luggage-claim,忘れ物センター,わすれものせんたー
224,supermarket,スーパーマーケット,すーぱーまーけっと
225,hyotan-ji-temple,ひょうたん寺,ひょうたんてら
226,100-yen-shop,100円ショップ,ひゃくえんしょっぷ
227,awata-jinja-shrine,粟田神社,あわたじんじゃ
228,hokongo-in-temple,法金剛院,ほうこんごういん
229,otaginenbutsuji,愛宕念仏寺, あたごねんぶつじ
230,sanjusangendo,三十三間堂,さんじゅうさんげんどう
231,konkaikyomyoji,金戒光明寺,こんかいこうみょうじ
232,fujinomori-jinja,藤森神社,ふじのもりじんじゃ
233,umenomiya-taisha,梅宮大社,うめみやたいしゃ
234,kiyomizudera-temple,清水寺,きよみずでら
235,kyotoimperialpalace,御所,きょうとごしょ
236,rokuharamitsu-ji,六波羅蜜寺,ろくはらみつじ
237,oharasanzenin,大原三千院,おおはらさんぜんいん
238,souvenir-department,お土産屋,おみやげや
239,kyoto-university,京都大学,きょうとだいがく
240,fushimiinari,伏見稲荷大社,ふしみいなりたいしゃ
241,lostandfound,忘れ物センター,わすれものせんたー
242,shimogamo-jinja,下賀茂神社,しもがもじんじゃ
243,toganookozanji,栂尾高山寺,とがのおこうざんじ
244,otokuni-dera-temple,乙訓寺,おとくにてら
245,gogoichihorai,551蓬莱,ごうごういちほうらい
246,kurumaorijinjya,車折神社,くるまおりじんじゃ
247,zennikkuhotel,全日空ホテル,ぜんにっくうほてる
248,heianjingushrine,平安神宮,へいあんじんぐう
249,sagano-torokko,トロッコ嵯峨野,とろっこさがの
250,kurama-dera-temple,鞍馬寺,くらまやまでら
251,fujinomorijinja,藤森神社,ふじのもりじんじゃ
252,waiting-place,待ち合わせ場所,まちあわせばしょ
253,kitanotenmangu,北野天満宮,きたのてんまんぐう
254,rokuharamitsuji,六波羅蜜寺,ろくはらみつじ
255,kamigamo-jinja,上賀茂神社,かみがもじんじゃ
256,kameya-yoshinaga,亀屋良長,かめやよしなが
257,yoshinaga-kameya,亀屋良長,かめやよしなが
258,hankyu-railway,阪急電車,はんきゅうでんしゃ
259,family-mart,ファミリーマート,ふぁみりーまーと
260,tokaido-line,東海道本線,とうかいどうほんせん
261,taikyokudenato,大極殿跡,たいきょくでんあと
262,umenomiyataisha,梅宮大社,うめみやたいしゃ
263,shimogamojinja,下賀茂神社,しもがもじんじゃ
264,miyakojikaisoku,都路快速,みやこじかいそく
265,gokomiyajinja,御香宮神社,ごこうみやじんじゃ
266,wating_place,待ち合わせ場所,まちあわせばしょ
267,fukuoji-jinja,福王子神社,ふくおうじじんじゃ
268,hozu-gawa-river,保津川下り,ほずがわくだり
269,ota-jinja-shrine,太田神社,おおたじんじゃ
270,hino-tanjo-in,日野誕生院,ひのたんじょういん
271,katata-ukimido,堅田浮御堂,かただうきみどう
272,higashihonganji,東本願寺,ひがしほんがんじ
273,chishaku-in-temple,智積院,ちしゃくいん
274,kyotouniversity,京都大学,きょうとだいがく
275,mimuroto-ji-temple,三室戸寺,みむろとじ
276,kurumaorijinja,車折神社,くるまおりじんじゃ
277,tetsugakunomichi,哲学の道,てつがくのみち
278,ticket-office,チケット売り場,ちけっとうりば
279,sanjo-keihan, 三条京阪,さんじょうけいはん
280,hokkaido-event,北海道展,ほっかいどうてん
281,kamigamojinja,上賀茂神社,かみがもじんじゃ
282,watingplace,待ち合わせ場所,まちあわせばしょ
283,ryotoku-ji-temple,了徳寺,りょうとくじ
284,myoshin-ji-temple,妙心寺,みょうしんじ
285,familymart,ファミリーマート,ふぁみりーまーと
286,highway-bus-stop,高速バス,こうそくばす
287,shoren-in-temple,青蓮院,しょうれんいん
288,shijo-karasuma,四条烏丸,しじょうからすま
289,kokusaikaikan, 国際会館,こくさいかいかん
290,nenbutsu-ji-temple,念仏寺,ねんぶつじ
291,nishioojioike,西大路御池,にしおおじおいけ
292,enryaku-ji-temple,延暦寺,えんりゃくじ
293,katadaukimido,堅田浮御堂,かただうきみどう
294,nimotsuazukari,荷物預かり,にもつあづかり
295,ruriko-in-temple,瑠璃光院,るりこういん
296,saga-arashiyama,嵯峨嵐山,さがあらしやま
297,nishi-hongan-ji,西本願寺,にしほんがんじ
298,hozugawakudari,保津川下り,ほずがわくだり
299,umekoji-park,梅小路公園,うめこうじこうえん
300,hankyurailway,阪急電車,はんきゅうでんしゃ
301,keikyu-in-temple,桂宮院,けいきゅういん
302,imperial-palace,京都御所,きょうとごしょ
303,shokoku-ji-temple,相国寺,しょうこくじ
304,saganotrokko,トロッコ嵯峨野,とろっこさがの
305,fukuojijinja,福王子神社,ふくおうじじんじゃ
306,shiraminejungu,白峯神宮,しらみねじんぐう
307,katsuranomiyain,桂宮院,かつらのみやいん
308,tsugaokosanji,栂尾高山寺,つがおこうさんじ
309,omuro-ninna-ji,御室仁和寺,おむろにんなじ
310,bus-information,バス情報,ばすじょうほう
311,sekizan-zen-in,赤山禅院,せきざんぜんいん
312,tokaidoline,東海道本線,とうかいどうほんせん
313,nishioji-oike,西大路御池,にしおおじおいけ
314,hankyu-train,阪急電車,はんきゅうでんしゃ
315,higashi-okayama,東岡山,ひがしおかやま
316,manshu-in-temple,曼殊院,まんしゅいん
317,shijokarasuma,四条烏丸,しじょうからすま
318,kinkaku-ji-temple,金閣寺,きんかくじ
319,western-style-food,洋食,ようしょく
320,fujimorijinja,藤森神社,ふじもりじんじゃ
321,manpuku-ji-temple,萬福寺,まんぷくじ
322,jonan-gu-shrine,城南宮,じょうなんぐう
323,souvenir-section,お土産屋,おみやげや
324,karasuma-oike, 烏丸御池,からすまおいけ
325,hino-hokai-ji,日野法界寺,ひのほうかいじ
326,imperialpalace,京都御所,きょうとごしょ
327,daikaku-ji-temple,大覚寺,だいかくじ
328,daisen-in-temple,大仙院,だいせんいん
329,shoseien-garden,渉成園,しょうせいえん
330,daitoku-ji-temple,大徳寺,だいとくじ
331,imamiya-jinja,今宮神社,いまみやじんじゃ
332,coin-locker,コインロッカー,こいんろっかー
333,kyotoajiwaikan,あじわい館,あじわいかん
334,byodo-in-temple,平等院,びょうどういん
335,josho-ji-temple,常照寺,じょうしょうじ
336,sennyu-ji-temple,泉涌寺,せんにゅうじ
337,nisihihonganji,西本願寺,にしほんがんじ
338,granvia,グランヴィア京都,ぐらんゔぃあきょうと
339,seiryo-ji-temple,清涼寺,せいりょうじ
340,ginkaku-ji-temple,銀閣寺,ぎんかくじ
341,katsura-gawa-river,桂川,かつらがわ
342,hinotanjoin,日野誕生院,ひのたんじょういん
343,elinnkyoto, エルイン京都,えるいんきょうと
344,hankyu-hotel,阪急ホテル,はんきゅうほてる
345,hokkaidoevent,北海道展,ほっかいどうてん
346,thunderbird,サンダーバード,サンダーバード
347,miyakehachiman,三宅八幡,みやけはちまん
348,maruyama-park,円山公園,まるやまこうえん
349,hiyoshi-taisha,日吉大社,ひよしたいしゃ
350,tenryu-ji-temple,天龍寺,てんりゅうじ
351,umemiyataisha,梅宮大社,うめみやたいしゃ
352,sanjokeihan, 三条京阪,さんじょうけいはん
353,sagaarashiyama,嵯峨嵐山,さがあらしやま
354,karasumaoike, 烏丸御池,からすまおいけ
355,sekizansenin,赤山禅院,せきざんぜんいん
356,koryu-ji-temple,広隆寺,こうりゅうじ
357,komyo-ji-temple,光明寺,こうみょうじ
358,daisen-ji-temple,大仙寺,だいせんじ
359,hiyoshitaisha,日吉大社,ひよしたいしゃ
360,hankyuhotel,阪急ホテル,はんきゅうほてる
361,hankyutrain,阪急電車,はんきゅうでんしゃ
362,ryoan-ji-temple,龍安寺,りょうあんじ
363,keihan-line,京阪電車,けいきゅうでんしゃ
364,taxi-stand,タクシーのりば,たくしーのりば
365,jurakudaiato,聚楽第跡,じゅらくだいあと
366,higashiokayama,東岡山,ひがしおかやま
367,usj,ユニバーサルスタジオジャパン,ゆーえすじぇい
368,ana-hotel,全日空ホテル,ぜんにっくうほてる
369,imamiyajinja,今宮神社,いまみやじんじゃ
370,tokyu-hands,東急ハンズ,とうきゅうはんず
371,money-exchange,両替所,りょうがえじょ
372,koetsu-ji-temple,光悦寺,こうえつじ
373,nanzen-ji-temple,南禅寺,なんぜんじ
374,tofuku-ji-temple,東福寺,とうふくじ
375,yoshida-jinja,吉田神社,よしだじんじゃ
376,genko-ji-temple,源光庵,げんこうあん
377,ebisu-shrine,えびす神社,えびすじんじゃ
378,amanohashidate,天橋立,あまのはしだて
379,omuroninnaji,御室仁和寺,おむろにんなじ
380,kennin-ji-temple,建仁寺,けんにんじ
381,coinlocker,コインロッカー,こいんろっかー
382,around-station,駅周辺,えきしゅうへん
383,hokyo-ji-temple,法鏡寺,ほうきょうじ
384,matsuo-taisha,松尾大社,まつおたいしゃ
385,tokyu-hotel,東急ホテル,とうきゅうほてる
386,seimei-jinja,晴明神社,せいめいじんじゃ
387,maruyamakoen,円山公園,まるやまこうえん
388,souvenirsection,お土産屋,おみやげや
389,kuramayamadera,鞍馬寺,くらまやまでら
390,luggage-room,荷物預かり,にもつあづかり
391,zenrin-ji-temple,禅林寺,ぜんりんじ
392,taizo-in-temple,退蔵院,たいぞういん
393,kiyomizu-temple,清水寺,きよみずでら
394,nishiki-market,錦市場,にしきいちば
395,honen-in-temple,法然院,ほうねいん
396,awata-shrine,粟田神社,あわたじんじゃ
397,jojakko-ji,常寂光寺,じょうじゃくこうじ
398,luggageroom,荷物預かり,にもつあづかり
399,mibu-dera-temple,壬生寺,みぶでら
400,toshodai-ji,唐招提寺,とうしょうだいじ
401,hirano-jinja,平野神社,ひらのじんじゃ
402,seimeijinja,晴明神社,せいめいじんじゃ
403,kitsuenbasho,喫煙場所,きつえんばしょ
404,smoking-area,喫煙場所,きつえんばしょ
405,kumano-jinja,熊野神社,くまのじんじゃ
406,kyoto-souvenir,お土産屋,おみやげや
407,jisso-in-temple,実相院,じっそうじ
408,kifune-jinja,貴船神社,きふねじんじゃ
409,yoshidajinja,吉田神社,よしだじんじゃ
410,starbucks,スターバックス,すたーばっくす
411,keihanline,京阪電車,けいきゅうでんしゃ
412,kinzo-ji-temple,金蔵寺,こんぞうじ
413,shuttle-bus,シャトルバス,しゃとるばす
414,kodai-ji-temple,高台寺,こうだいじ
415,drugstore,ドラッグストア,どらっぐすとあ
416,nursing-room, 授乳室,じゅにゅうしつ
417,anahotel,全日空ホテル,ぜんにっくうほてる
418,shoji-ji-temple,勝持寺,しょうじじ
419,oishi-jinja,大石神社,おおいしじんじゃ
420,tokyuhands,東急ハンズ,とうきゅうはんず
421,heian-jingu,平安神宮,へいあんじんぐう
422,saiho-ji-temple,西芳寺,さいほうじ
423,hinohokaiji,日野法界寺,ひのほうかいじ
424,hokai-ji-temple,法界寺,ほうかいじ
425,horin-ji-temple,法輪寺,ほうりんじ
426,westernstylefood,洋食,ようしょく
427,suzakumonato,朱雀門跡,すざくもんあと
428,kyoto-cuisine,京料理,きょうりょうり
429,moneyexchange,両替所,りょうがえじょ
430,hyotantera,ひょうたん寺,ひょうたんてら
431,hyotan-jie,ひょうたん寺,ひょうたんてら
432,nison-in-temple,二尊院,にそんいん
433,kyoto-tower,京都タワー,きょうとたわー
434,shogoin-temple,聖護院,しょうごいん
435,yasaka-jinja,八坂神社,やさかじんじゃ
436,kyoto-gyoen,京都御苑,きょうとぎょえん
437,tokyuhotel,東急ホテル,とうきゅうほてる
438,kamitobaguchi,上鳥羽口,かみとばぐち
439,matsuotaisha,松尾大社,まつおたいしゃ
440,hida-takayama,飛騨高山,ひだたかやま
441,nishiki-ichiba,錦市場,にしきいちば
442,honno-ji-temple,本能寺,ほんのうじ
443,jinushijinja,地主神社,じぬしじんじゃ
444,chukyoriken,中距離券,ちゅうきょりけん
445,tokkyu-ticket,特急券,とっきゅうけん
446,jojakukoji,常寂光寺,じょうじゃくこうじ
447,nijojomae,二条城前,にじょうじょうまえ
448,suzumushidera,鈴虫寺,すずむしでら
449,starbuck,スターバックス,すたーばっくす
450,tennoji-temple,天王寺,てんのうじ
451,JR-west-entrance,西口,にしぐち
452,kintetsu-line,近鉄線,きんてつせん
453,rajomonato,羅城門跡,らじょうもんあと
454,kifunejinja,貴船神社,きふねじんじゃ
455,souvenir-shop,お土産屋,おみやげや
456,ogoto-onsen,おごと温泉,おごとおんせ
457,famima,ファミリーマート,ふぁみりーまーと
458,karasumaguchi,烏丸口,からすまぐち
459,hachijo-exit,八条口,はちじょうぐち
460,hachijoguchi,八条口,はちじょうぐち
461,enko-ji-temple,圓光寺,えんこうじ
462,mii-dera-temple,三井寺,みいでら
463,ishiyama-dera,石山寺,いしやまでら
464,sasayamaguchi,篠山口,ささやまぐち
465,rozan-ji-temple,廬山寺,ろざんじ
466,yasakajinja,八坂神社,やさかじんじゃ
467,daigo-ji-temple,醍醐寺,だいごじ
468,kiyomizu-dera,清水寺,きよみずでら
469,gion-festival,祇園祭,ぎおんまつり
470,machiaishitsu,待合室,まちあいしつ
471,katsurarikyu,桂離宮,かつらりきゅう
472,jingo-ji-temple,神護寺,じんごじ
473,resting-room,休憩所,きゅうけいじょ
474,bishamon-do,毘沙門堂,びしゃもんどう
475,nishikimarket,錦市場,にしきいちば
476,toshodaiji,唐招提寺,とうしょうだいじ
477,toji-in-temple,等持院,とうじいん
478,nishikiichiba,錦市場,にしきいちば
479,bic-camera,ビックカメラ,びっくかめら
480,hidatakayama,飛騨高山,ひだたかやま
481,kyototower,京都タワー,きょうとたわー
482,hokongo-in,法金剛院,ほうこんごういん
483,ninna-ji-temple,仁和寺,にんなじ
484,stationbuilding,駅ビル,えきびる
485,jishu-jinja,地主神社,じぬしじんじゃ
486,money-change,両替所,りょうがえじょ
487,hiranojinja,平野神社,ひらのじんじゃ
488,nursingroom, 授乳室,じゅにゅうしつ
489,kyotocuisine,京料理,きょうりょうり
490,ebisujinja,えびす神社,えびすじんじゃ
491,karasuma-line,烏丸線,からすません
492,chion-in-temple,知恩院,ちおいん
493,renta-a-car,レンターカー,れんたかー
494,hoko-ji-temple,方広寺,ほうこうじ
495,hoon-ji-temple,報恩寺,ほうおんじ
496,kegon-ji-temple,華厳寺,けごんじ
497,oishijinja,大石神社,おおいしじんじゃ
498,heianjingu,平安神宮,へいあんじんぐう
499,kyotogyoen,京都御苑,きょうとぎょえん
500,kinkyoriken,近距離券,きんきょりけん
501,smokingarea,喫煙場所,きつえんばしょ
502,kumanojinja,熊野神社,くまのじんじゃ
503,jr-amagasaki,JR尼崎,あまがさき
504,kurama-dera,鞍馬寺,くらまやまでら
505,aeon-mall,イオンモール,いおんもーる
506,gion-shijo,祇園四条,ぎおんしじょう
507,gionfestival,祇園祭,ぎおんまつり
508,souvenirshop,お土産屋,おみやげや
509,awatajinja,粟田神社,あわたじんじゃ
510,biccamera,ビックカメラ,びっくかめら
511,ajari-mochi,阿闍梨餅,あじゃりもち
512,gion-ji-temple,祇園寺,ぎおんじ
513,kyotogosho,京都御所,きょうとごしょ
514,kiyomizudera,清水寺,きよみずでら
515,ogotoonsen,おごと温泉,おごとおんせ
516,restingroom,休憩所,きゅうけいじょ
517,hokongoin,法金剛院,ほうこんごういん
518,sentogosho,仙洞御所,せんとうごしょ
519,yoshiminedera,善峯寺,よしみねで
520,kansai-airport, 関空,かんくう
521,ishiyamadera,石山寺,いしやまでら
522,moneychange,両替所,りょうがえじょ
523,bishamondo,毘沙門堂,びしゃもんどう
524,nijo-castle,二条城,にじょうじょう
525,kintetsuline,近鉄線,きんてつせん
526,karasumaline,烏丸線,からすません
527,commuter-pass,定期券,ていきけん
528,coupon-ticket,定期券,ていきけん
529,kuina-bridge,くいな橋,くいなばし
530,highway-bus,高速バス,こうそくばす
531,post-office,郵便局,ゆうびんきょく
532,bullet-train,新幹線,しんかんせん
533,subway-station,地下鉄,ちかてつ
534,car-rental,レンタカー,れんたかー
535,chuoguchi, 中央口,ちゅうおうぐち
536,shinkaisoku,新幹線,しんかんせん
537,hozugawa,保津川下り,ほずがわくだり
538,elevator,エレベーター,えれべーたー
539,biwako-line,琵琶湖線,びわこせん
540,kansai-airport,関空,かんくう
541,postoffice,郵便局,ゆうびんきょく
542,kyoto-food,京料理,きょうりょうり
543,gionshijo,祇園四条,ぎおんしじょう
544,ota-jinja,太田神社,おおたじんじゃ
545,otokunitera,乙訓寺,おとくにてら
546,chushojima,中書島,ちゅうしょじま
547,mimuroto-ji,三室戸寺,みむろとじ
548,aeonmall,イオンモール,いおんもーる
549,marutamachi, 丸太町,まるたまち
550,bento-shop,お弁当屋,おべんとうや
551,kansaiairport, 関空,かんくう
552,metro-station,地下鉄,ちかてつ
553,kaju-ji-temple,勧修寺,勧修寺
554,kuramaguchi, 鞍馬口,くらまぐち
555,restaurant,レストラン,れすとらん
556,bullettrain,新幹線,しんかんせん
557,matsugasaki,松ヶ崎,まつがさき
558,firework,花火大会,はなびたいかい
559,shoren-in,青蓮院,しょうれんいん
560,chishakuin,智積院,ちしゃくいん
561,mimurotoji,三室戸寺,みむろとじ
562,ruriko-in,瑠璃光院,るりこういん
563,shinkansen,新幹線,しんかんせん
564,otajinja,太田神社,おおたじんじゃ
565,nenbutsu-ji,念仏寺,ねんぶつじ
566,kuinabashi,くいな橋,くいなばし
567,clock-tower,時計台,とけいだい
568,generalstore,雑貨屋,ざっかや
569,west-entrance,西口,にしぐち
570,keikyu-in,桂宮院,けいきゅういん
571,japanese-food,和食,わしょく
572,kyoto-line,京都線,きょうとせん
573,biwakoline,琵琶湖線,びわこせん
574,katsura-gawa,桂川,かつらがわ
575,myoshin-ji,妙心寺,みょうしんじ
576,ekiben-shop,駅弁屋,えきべんや
577,western-food,洋食,ようしょく
578,kawaramachi,河原町,かわらまち
579,tanbaguchi, 丹波口,たんばぐち
580,shokoku-ji,相国寺,しょうこくじ
581,coffee-shop,喫茶店,きっさてん
582,enryaku-ji,延暦寺,えんりゃくじ
583,shin-osaka,新大阪,しんおおさか
584,shinnyodo,真如堂,しんにょうどう
585,daisen-in,大仙院,だいせんいん
586,jonan-gu,城南宮,じょうなんぐう
587,shinosaka,新大阪,しんおおさか
588,imadegawa, 今出川,いまでがわ
589,enryakuji,延暦寺,えんりゃくじ
590,sennyu-ji,泉涌寺,せんにゅうじ
591,daikaku-ji,大覚寺,だいかくじ
592,shokokuji,相国寺,しょうこくじ
593,kyotoline,京都線,きょうとせん
594,rurikoin,瑠璃光院,るりこういん
595,ginkaku-ji,銀閣寺,ぎんかくじ
596,myoshinji,妙心寺,みょうしんじ
597,rentacar,レンタカー,れんたかー
598,kinkaku-ji,金閣寺,きんかくじ
599,westernfood,洋食,ようしょく
600,coffeeshop,喫茶店,きっさてん
601,manpuku-ji,萬福寺,まんぷくじ
602,manshu-in,曼殊院,まんしゅいん
603,gift-shop,お土産屋,おみやげや
604,chinese-food,中華,ちゅうか
605,japanesefood,和食,わしょく
606,westentrance,西口,にしぐち
607,rokkakudo,六角堂,ろっかくどう
608,ramen-shop,ラーメン,らーめん
609,katsuragawa,桂川,かつらがわ
610,shorenin,青蓮院,しょうれんいん
611,tenryu-ji,天龍寺,てんりゅうじ
612,kosei-line,湖西線,こさいせん
613,shoseien,渉成園,しょうせいえん
614,keikyuin,桂宮院,けいきゅういん
615,nenbutsuji,念仏寺,ねんぶつじ
616,daitoku-ji,大徳寺,だいとくじ
617,seiryo-ji,清涼寺,せいりょうじ
618,higashiyama,東山,ひがしやま
619,ryotokuji,了徳寺,りょうとくじ
620,,undefined,undefined
621,crepe-shop,クレープ,くれーぷ
622,ryogaejo,両替所,りょうがえじょ
623,nembutsuji,念仏寺,ねんぶつじ
624,josho-ji,常照寺,じょうしょうじ
625,zuishinin,隨心院,ずいしんいん
626,wait-room,待合室,まちあいしつ
627,higasiyama, 東山,ひがしやま
628,imadegawa,今出川,いまでがわ
629,komyo-ji,光明寺,こうみょうじ
630,ryoan-ji,龍安寺,りょうあんじ
631,jonangu,城南宮,じょうなんぐう
632,genko-ji,源光庵,げんこうあん
633,kintetsu,近鉄線,きんてつせん
634,nanzen-ji,南禅寺,なんぜんじ
635,arashiyama,嵐山,あらしやま
636,daisenin,大仙院,だいせんいん
637,seiryoji,清涼寺,せいりょうじ
638,koseiline,湖西線,こさいせん
639,sennyuji,泉涌寺,せんにゅうじ
640,kinkakuji,金閣寺,きんかくじ
641,to-ji-temple,東寺,とうじ
642,niijojo,二条城,にじょうじょう
643,taizo-in,退蔵院,たいぞういん
644,hokyo-ji,法鏡寺,ほうきょうじ
645,koryu-ji,広隆寺,こうりゅうじ
646,waitroom,待合室,まちあいしつ
647,ginkakuji,銀閣寺,ぎんかくじ
648,daisen-ji,大仙寺,だいせんじ
649,zenrin-ji,禅林寺,ぜんりんじ
650,joshoji,常照寺,じょうしょうじ
651,kennin-ji,建仁寺,けんにんじ
652,byodoin,平等院,びょうどういん
653,koetsu-ji,光悦寺,こうえつじ
654,ramenshop,ラーメン,らーめん
655,manpukuji,萬福寺,まんぷくじ
656,kotochika,コトチカ,ことちか
657,yatsuhashi,八ツ橋,やつはし
658,daitokuji,大徳寺,だいとくじ
659,daikakuji,大覚寺,だいかくじ
660,sanzenin,三千院,さんぜんいん
661,giftshop,お土産屋,おみやげや
662,tenryuji,天龍寺,てんりゅうじ
663,ticket-gate,改札,かいさつ
664,manshuin,曼殊院,まんしゅいん
665,tofuku-ji,東福寺,とうふくじ
666,pontocho,先斗町,ぽんとちょう
667,hashidate,はしだて,はしだて
668,shutter,シャッター,しゃったー
669,ryoanji,龍安寺,りょうあんじ
670,shogoin,聖護院,しょうごいん
671,nanzenji,南禅寺,なんぜんじ
672,horin-ji,法輪寺,ほうりんじ
673,hiiragiya,柊家,ひいらぎや
674,taishido,太子堂,たいしどう
675,kodai-ji,高台寺,こうだいじ
676,saiho-ji,西芳寺,さいほうじ
677,shoji-ji,勝持寺,しょうじじ
678,amagasaki,尼崎,あまがさき
679,ekibenya,駅弁屋,えきべんや
680,hokyoji,法鏡寺,ほうきょうじ
681,shisendo,詩仙堂,しせんどう
682,kinzo-ji,金蔵寺,こんぞうじ
683,genkoan,源光庵,げんこうあん
684,rokujizo,六地蔵,ろくじぞう
685,higashino, 東野,ひがしの
686,nara-line,奈良線,ならせん
687,yamashina, 山科,やましな
688,avanti,アバンティ,あばんてぃ
689,kitaoji, 北大路,きたおおじ
690,kenniji,建仁寺,けんんにんじ
691,nison-in,二尊院,にそんいん
692,daisenji,大仙寺,だいせんじ
693,komyoji,光明寺,こうみょうじ
694,mibu-dera,壬生寺,みぶでら
695,kuroshio,くろしお,くろしお
696,jisso-in,実相院,じっそうじ
697,ryuanji,龍安寺,りゅうあんじ
698,honen-in,法然院,ほうねいん
699,bentoya,お弁当屋,おべんとう
700,taizoin,退蔵院,たいぞういん
701,kenninji,建仁寺,けんにんじ
702,tofukuji,東福寺,とうふくじ
703,koryuji,広隆寺,こうりゅうじ
704,koetsuji,光悦寺,こうえつじ
705,zenrinji,禅林寺,ぜんりんじ
706,nijojo,二条城,にじょうじょう
707,honno-ji,本能寺,ほんのうじ
708,hokai-ji,法界寺,ほうかいじ
709,eikando,永観堂,えいかんどう
710,takatsuki,高槻,たかつき
711,enko-ji,圓光寺,えんこうじ
712,saihoji,西芳寺,さいほうじ
713,horinji,法輪寺,ほうりんじ
714,nisonin,二尊院,にそんいん
715,mibudera,壬生寺,みぶでら
716,honenin,法然院,ほうねいん
717,hoko-ji,方広寺,ほうこうじ
718,misasagi, 御陵,みささぎ
719,honnoji,本能寺,ほんのうじ
720,yamashina,山科,やましな
721,mii-dera,三井寺,みいでら
722,restroom,お手洗い,といれ
723,naraline,奈良線,ならせん
724,hoon-ji,報恩寺,ほうおんじ
725,hiroshima,広島,ひろしま
726,toji-in,等持院,とうじいん
727,jingo-ji,神護寺,じんごじ
728,tashido,太子堂,たいしどう
729,nagitsuji,椥辻,なぎつじ
730,kodaiji,高台寺,こうだいじ
731,chion-in,知恩院,ちおいん
732,genkoji,源光寺,げんこうじ
733,komeiji,光明寺,こうめいじ
734,tennoji,天王寺,てんのうじ
735,jissoin,実相院,じっそうじ
736,hokaiji,法界寺,ほうかいじ
737,rozan-ji,廬山寺,ろざんじ
738,souvenir,お土産,おみやげ
739,hanazono, 花園,はなぞの
740,ninna-ji,仁和寺,にんなじ
741,konzoji,金蔵寺,こんぞうじ
742,pharmacy,薬局,やっきょく
743,koyasan,高野山,こうやさん
744,uniqlo,ユニクロ,ゆにくろ
745,chionin,知恩院,ちおいん
746,inkuji,印空寺,いんくうじ
747,bento,お弁当屋,おべんとう
748,kanazawa,金沢,かなざわ
749,tojiin,等持院,とうじいん
750,sakai-city,堺,さかい
751,hoonji,報恩寺,ほうおんじ
752,crepes,クレープ,くれーぷ
753,rozanji,廬山寺,ろざんじ
754,yokohama,横浜,よこはま
755,hokoji,方広寺,ほうこうじ
756,ekibiru,駅ビル,えきびる
757,kegonji,華厳寺,けごんじ
758,lawson,ローソン,ろーそん
759,daigoji,醍醐寺,だいごじ
760,kamakura,鎌倉,かまくら
761,shojiji,勝持寺,しょうじ
762,kitayama,北山,きたやま
763,enkoji,圓光寺,えんこうじ
764,city-bus,市バス,しばす
765,bookstore,本屋,ほんや
766,ninnaji,仁和寺,にんなじ
767,gion-ji,祇園寺,ぎおんじ
768,jingoji,神護寺,じんごじ
769,miidera,三井寺,みいでら
770,crepe,クレープ,くれーぷ
771,subway,地下鉄,ちかてつ
772,raman,ラーメン,らーめん
773,sweet,スイーツ,すいーつ
774,isetan,伊勢丹,いせたん
775,tionin,知恩院,ちおいん
776,uzumasa,太秦,うずまさ
777,satin,喫茶店,きっさてん
778,fushimi, 伏見,ふしみ
779,jujo, 十条,じゅうじょう
780,ramen,ラーメン,らーめん
781,ekiben,駅弁屋,えきべん
782,toilet,お手洗い,といれ
783,sapporo,札幌,さっぽろ
784,suica,SUICA,すいか
785,icoca,ICOCA,いこか
786,gionji,祇園寺,ぎおんじ
787,fujieda,藤枝,ふじえだ
788,atm,ATM,エーティエム
789,taxi,タクシー,たくしー
790,diaper,オムツ,おむつ
791,kajuji,勧修寺,勧修寺
792,takeda, 竹田,たけだ
793,sagano,嵯峨野,さがの
794,bus-stop,バス,ばす
795,ishida, 石田,いしだ
796,nagoya,名古屋,なごや
797,haruka,はるか,はるか
798,tokyo,東京,とうきょう
799,kanku, 関空,かんくう
800,tsuruga,敦賀,つるが
801,metro,地下鉄,ちかてつ
802,shijo,四条,しじょう
803,tube,地下鉄,ちかてつ
804,nijo, 二条,にじょう
805,market,市場,いちば
806,toyama,富山,とやま
807,ashiya,芦屋,あしや
808,kujo, 九条,くじょう
809,obaku,黄檗,おうばく
810,hakata,博多,はかた
811,kyoto,京都,きょうと
812,osaka,大阪,おおさか
813,matsue,松江,まつえ
814,gojo,五条,ごじょう
815,cafe,喫茶店,かふぇ
816,station,駅,えき
817,sabae,鯖江,さばえ
818,keage,蹴上,けあげ
819,umeda,梅田,うめだ
820,daigo,醍醐,だいご
821,to-ji,東寺,とうじ
822,café,喫茶店,かふぇ
823,inari,稲荷,いなり
824,tsuge,柘植,つげ
825,gion,祇園,ぎおん
826,sakai,堺,さかい
827,kobe,神戸,こうべ
828,toji,東寺,とうじ
829,ono, 小野,おの
830,hida,ひだ,ひだ
831,nara,奈良,なら
832,uji,宇治,うじ
833,ise,伊勢,いせ
834,bus,バス,ばす
