kyoto-century-hotel,京都センチュリーホテル,きょうとせんちゅりーほてる
kyotocenturyhotel,京都センチュリーホテル,きょうとせんちゅりーほてる
hotel-keihan-kyoto, ホテル京阪京都グランデ,ほてるけいはんきょうとぐらんで
hotelkeihankyoto, ホテル京阪京都グランデ,ほてるけいはんきょうとぐらんで
shinmiyakohotel, 新都ホテル京都,しんみやこほてるきょうと
hotelmystayskyoto,ホテルマイステイズ京都,ほてるまいすていずきょうと
hotel-mystays-kyoto,ホテルマイステイズ京都,ほてるまいすていずきょうと
hotelmystays,ホテルマイステイズ京都,ほてるまいすていずきょうと
hotel-mystays,ホテルマイステイズ京都,ほてるまいすていずきょうと
granviakyoto,グランヴィア京都,ぐらんゔぃあきょうと
granvia,グランヴィア京都,ぐらんゔぃあきょうと
hotelkintetsukyotostation,ホテル近鉄京都駅,ほてるきんてつきょうと
hotelkintetsu,ホテル近鉄京都駅,ほてるきんてつきょうと
kyoto-tower-hotel, 京都タワーホテル,きょうとたわーほてる
kyototowerhotel, 京都タワーホテル,きょうとたわーほてる
hotel-granvia-kyoto, ホテルグランヴィア京都,ほてるぐらぐらんゔぃあきょうと
hotelgranviakyoto, ホテルグランヴィア京都,ほてるぐらぐらんゔぃあきょうと
granviakyoto,グランヴィア京都,ぐらんゔぃあきょうと
granvia,グランヴィア京都,ぐらんゔぃあきょうと
granvia-kyoto, ホテルグランヴィア京都,ほてるぐらぐらんゔぃあきょうと
granviakyoto, ホテルグランヴィア京都,ほてるぐらぐらんゔぃあきょうと
hankyuhotel,阪急ホテル,はんきゅうほてる
hankyu-hotel,阪急ホテル,はんきゅうほてる
