rihgaroyalhotel,リーガロイヤルホテル京都,りーがろいやるほてるきょうと
rihga-royal-hotel,リーガロイヤルホテル京都,りーがろいやるほてるきょうと
rihga-royal-hotel-kyoto,リーガロイヤルホテル京都,りーがろいやるほてるきょうと
rihgaroyalhotelkyoto,リーガロイヤルホテル京都,りーがろいやるほてるきょうと
dainitowerhotel,第二タワーホテル,だいにたわーほてる
tokyuhotel,東急ホテル,とうきゅうほてる
tokyu-hotel,東急ホテル,とうきゅうほてる
hatoyazuihokaku,ハトヤ瑞鳳閣,はとやずいほうかく
hatoya-zuihokaku,ハトヤ瑞鳳閣,はとやずいほうかく
apahotelkyotoekimae, アパホテル京都駅前,あぱほてるきょうとえきまえ
apahotel, アパホテル京都駅前,あぱほてるきょうとえきまえ
apavillahotelkyotoekimae,アパヴィラホテル京都駅前,あぱゔぃらほてるきょうとえきまえ
apahotelkyotoekihorikawadori,アパホテル京都駅堀川通り,あぱほてるきょうとほりかわとおり
mitsui-garden-hotel-kyoto-shijo,三井ガーデンホテル京都四条,みついがーでんほてるきょうとしじょう
mitsuigardenhotelkyotoshijo,三井ガーデンホテル京都四条,みついがーでんほてるきょうとしじょう
mitsui-garden-hotel,三井ガーデンホテル京都四条,みついがーでんほてるきょうとしじょう
mitsuigardenhotel,三井ガーデンホテル京都四条,みついがーでんほてるきょうとしじょう
elinnkyoto, エルイン京都,えるいんきょうと
iorimachiyastay,庵町家ステイ,いおりまちやすてぃ
daiwa-roynet-hotel-kyoto-shijo-karasuma,ダイワロイネットホテル京都四条烏丸,だいわろいやるねっとほてるきょうとしじょうからすま
daiwaroynethotelkyotoshijokarasuma,ダイワロイネットホテル京都四条烏丸,だいわろいやるねっとほてるきょうとしじょうからすま
aeonmall,イオンモール,いおんもーる
aeon-mall,イオンモール,いおんもーる
aeon-mall-location,イオンモール,いおんもーる
tokyu-hands,東急ハンズ,とうきゅうはんず
tokyuhands,東急ハンズ,とうきゅうはんず
zennikkuhotel,全日空ホテル,ぜんにっくうほてる
ana-hotel,全日空ホテル,ぜんにっくうほてる
anahotel,全日空ホテル,ぜんにっくうほてる
hotelnikko,ホテル日航プリンセス京都,ほてるにっこうぷりんせすきょうと
hotel-nikko-princess-kyoto,ホテル日航プリンセス京都,ほてるにっこうぷりんせすきょうと
hiiragiya,柊家,ひいらぎや
